{
  "students": [
    {
      "id": "S001",
      "name": "Ali Khan",
      "registered_courses": ["CS101", "MATH101"],
      "credits": 7
    },
    {
      "id": "S002",
      "name": "Sara Ahmed",
      "registered_courses": ["CS201", "ENG101"],
      "credits": 6
    }
  ],
  "courses": [
    {
      "code": "CS101",
      "name": "Introduction to Computer Science",
      "department": "CS",
      "credits": 3,
      "capacity": 50,
      "enrolled": 45,
      "prerequisites": []
    },
    {
      "code": "CS201",
      "name": "Data Structures",
      "department": "CS",
      "credits": 3,
      "capacity": 40,
      "enrolled": 38,
      "prerequisites": ["CS101"]
    },
    {
      "code": "MATH101",
      "name": "Calculus I",
      "department": "MATH",
      "credits": 4,
      "capacity": 60,
      "enrolled": 55,
      "prerequisites": []
    },
    {
      "code": "ENG101",
      "name": "English Composition",
      "department": "ENG",
      "credits": 3,
      "capacity": 40,
      "enrolled": 35,
      "prerequisites": []
    },
    {
      "code": "CS301",
      "name": "Algorithms",
      "department": "CS",
      "credits": 3,
      "capacity": 30,
      "enrolled": 28,
      "prerequisites": ["CS201", "MATH101"]
    }
  ],
  "message": "Data from C++ Backend"
}